{"cameraMode":{"drawMode":0,"name":"Shaded","section":"Shading Mode"},"sceneLighting":false,"audioPlay":false,"sceneViewState":{"showFog":true,"showMaterialUpdate":false,"showSkybox":true,"showFlares":true,"showImageEffects":true,"showParticleSystems":true},"in2DMode":false,"pivot":{"x":-0.14523684978485108,"y":0.6581240892410278,"z":0.9082357883453369},"rotation":{"x":-0.16734805703163148,"y":0.7240397930145264,"z":-0.1887388825416565,"w":-0.6419802904129028},"size":1.6841814517974854,"orthographic":false}