{"cameraMode":{"drawMode":0,"name":"Shaded","section":"Shading Mode"},"sceneLighting":false,"audioPlay":false,"sceneViewState":{"showFog":true,"showMaterialUpdate":false,"showSkybox":true,"showFlares":true,"showImageEffects":true,"showParticleSystems":true},"in2DMode":false,"pivot":{"x":-14.8100004196167,"y":13.539999961853028,"z":9.640000343322754},"rotation":{"x":-0.15136702358722688,"y":-0.2588529586791992,"z":0.04110995680093765,"w":-0.9530966281890869},"size":11.799795150756836,"orthographic":false}