{"cameraMode":{"drawMode":0,"name":"Shaded","section":"Shading Mode"},"sceneLighting":false,"audioPlay":false,"sceneViewState":{"showFog":true,"showMaterialUpdate":false,"showSkybox":true,"showFlares":true,"showImageEffects":true,"showParticleSystems":true},"in2DMode":false,"pivot":{"x":5.088031768798828,"y":-1.5240206718444825,"z":31.203079223632814},"rotation":{"x":0.25072118639945986,"y":0.14770099520683289,"z":-0.03873688355088234,"w":0.9559407830238342},"size":5.428142547607422,"orthographic":false}