{"cameraMode":{"drawMode":0,"name":"Shaded","section":"Shading Mode"},"sceneLighting":true,"audioPlay":false,"sceneViewState":{"showFog":true,"showMaterialUpdate":false,"showSkybox":true,"showFlares":true,"showImageEffects":true,"showParticleSystems":true},"in2DMode":false,"pivot":{"x":10.681822776794434,"y":-10.502665519714356,"z":-4.239451885223389},"rotation":{"x":-0.3416203260421753,"y":-0.6184649467468262,"z":0.3406022787094116,"w":-0.6203119158744812},"size":85.26251983642578,"orthographic":false}