{"cameraMode":{"drawMode":0,"name":"Shaded","section":"Shading Mode"},"sceneLighting":false,"audioPlay":false,"sceneViewState":{"showFog":true,"showMaterialUpdate":false,"showSkybox":true,"showFlares":true,"showImageEffects":true,"showParticleSystems":true},"in2DMode":false,"pivot":{"x":4.517755508422852,"y":1.1878888607025147,"z":2.553027391433716},"rotation":{"x":0.023637905716896058,"y":-0.9659254550933838,"z":0.23945173621177674,"w":0.09535324573516846},"size":2.3702874183654787,"orthographic":true}