{"cameraMode":{"drawMode":0,"name":"Shaded","section":"Shading Mode"},"sceneLighting":false,"audioPlay":false,"sceneViewState":{"showFog":true,"showMaterialUpdate":false,"showSkybox":true,"showFlares":true,"showImageEffects":true,"showParticleSystems":true},"in2DMode":false,"pivot":{"x":5.060239791870117,"y":0.8136559724807739,"z":33.28202438354492},"rotation":{"x":-0.035061269998550418,"y":0.9611034393310547,"z":-0.23245927691459657,"w":-0.14496074616909028},"size":3.39945125579834,"orthographic":false}