{"cameraMode":{"drawMode":0,"name":"Shaded","section":"Shading Mode"},"sceneLighting":false,"audioPlay":false,"sceneViewState":{"showFog":true,"showMaterialUpdate":false,"showSkybox":true,"showFlares":true,"showImageEffects":true,"showParticleSystems":true},"in2DMode":false,"pivot":{"x":0.10660362243652344,"y":0.4526251554489136,"z":-0.2876583933830261},"rotation":{"x":-0.14131712913513184,"y":0.8253577947616577,"z":-0.23671837151050569,"w":-0.49272555112838747},"size":0.8117620348930359,"orthographic":false}