{"cameraMode":{"drawMode":0,"name":"Shaded","section":"Shading Mode"},"sceneLighting":false,"audioPlay":false,"sceneViewState":{"showFog":true,"showMaterialUpdate":false,"showSkybox":true,"showFlares":true,"showImageEffects":true,"showParticleSystems":true},"in2DMode":false,"pivot":{"x":4.517755508422852,"y":1.1878888607025147,"z":2.553027391433716},"rotation":{"x":-0.0006110448739491403,"y":-0.9993562698364258,"z":0.02098960615694523,"w":-0.02909129671752453},"size":2.3702874183654787,"orthographic":true}