{"cameraMode":{"drawMode":0,"name":"Shaded","section":"Shading Mode"},"sceneLighting":false,"audioPlay":false,"sceneViewState":{"showFog":true,"showMaterialUpdate":false,"showSkybox":true,"showFlares":true,"showImageEffects":true,"showParticleSystems":true},"in2DMode":false,"pivot":{"x":2.9600040912628176,"y":0.7981833219528198,"z":33.299163818359378},"rotation":{"x":0.25072118639945986,"y":0.14770099520683289,"z":-0.03873688355088234,"w":0.9559407830238342},"size":3.3736026287078859,"orthographic":false}