{"cameraMode":{"drawMode":0,"name":"Shaded","section":"Shading Mode"},"sceneLighting":false,"audioPlay":false,"sceneViewState":{"showFog":false,"showMaterialUpdate":true,"showSkybox":true,"showFlares":true,"showImageEffects":true,"showParticleSystems":true},"in2DMode":false,"pivot":{"x":-0.683538556098938,"y":2.0447158813476564,"z":14.37415599822998},"rotation":{"x":-0.5084517598152161,"y":0.005948262754827738,"z":-0.003512381576001644,"w":-0.8610628247261047},"size":69.06566619873047,"orthographic":false}