{"cameraMode":{"drawMode":0,"name":"Shaded","section":"Shading Mode"},"sceneLighting":false,"audioPlay":false,"sceneViewState":{"showFog":true,"showMaterialUpdate":true,"showSkybox":true,"showFlares":true,"showImageEffects":true,"showParticleSystems":true},"in2DMode":false,"pivot":{"x":0.16500000655651093,"y":-0.14736084640026093,"z":0.0},"rotation":{"x":-0.02504696324467659,"y":0.974906861782074,"z":-0.16114342212677003,"w":-0.1515328288078308},"size":0.730040431022644,"orthographic":false}