{"cameraMode":{"drawMode":0,"name":"Shaded","section":"Shading Mode"},"sceneLighting":false,"audioPlay":false,"sceneViewState":{"showFog":true,"showMaterialUpdate":false,"showSkybox":true,"showFlares":true,"showImageEffects":true,"showParticleSystems":true},"in2DMode":false,"pivot":{"x":4.649476051330566,"y":0.5292284488677979,"z":33.24309539794922},"rotation":{"x":-0.10380614548921585,"y":0.8956289887428284,"z":-0.32217806577682497,"w":-0.2885729968547821},"size":3.39945125579834,"orthographic":false}