{"cameraMode":{"drawMode":0,"name":"Shaded","section":"Shading Mode"},"sceneLighting":false,"audioPlay":false,"sceneViewState":{"showFog":true,"showMaterialUpdate":false,"showSkybox":true,"showFlares":true,"showImageEffects":true,"showParticleSystems":true},"in2DMode":false,"pivot":{"x":4.609197616577148,"y":0.7999999523162842,"z":1.839101791381836},"rotation":{"x":-0.051080841571092609,"y":0.9193922877311707,"z":-0.368614137172699,"w":-0.12740539014339448},"size":2.988276958465576,"orthographic":false}