{"cameraMode":{"drawMode":0,"name":"Shaded","section":"Shading Mode"},"sceneLighting":false,"audioPlay":false,"sceneViewState":{"showFog":false,"showMaterialUpdate":true,"showSkybox":true,"showFlares":true,"showImageEffects":true,"showParticleSystems":true},"in2DMode":false,"pivot":{"x":4.263881206512451,"y":0.43212878704071047,"z":0.7413437366485596},"rotation":{"x":-0.014001911506056786,"y":0.9835174083709717,"z":-0.15771301090717317,"w":-0.08731658011674881},"size":3.0769097805023195,"orthographic":false}