{"cameraMode":{"drawMode":0,"name":"Shaded","section":"Shading Mode"},"sceneLighting":true,"audioPlay":false,"sceneViewState":{"showFog":true,"showMaterialUpdate":true,"showSkybox":true,"showFlares":true,"showImageEffects":true,"showParticleSystems":true},"in2DMode":false,"pivot":{"x":-11.293676376342774,"y":-33.697086334228519,"z":32.04958724975586},"rotation":{"x":-0.2703341245651245,"y":0.0706847533583641,"z":-0.01990548148751259,"w":-0.9599619507789612},"size":83.42794799804688,"orthographic":false}