{"cameraMode":{"drawMode":0,"name":"Shaded","section":"Shading Mode"},"sceneLighting":false,"audioPlay":false,"sceneViewState":{"showFog":true,"showMaterialUpdate":false,"showSkybox":true,"showFlares":true,"showImageEffects":true,"showParticleSystems":true},"in2DMode":false,"pivot":{"x":5.060239791870117,"y":0.8136559724807739,"z":33.28202438354492},"rotation":{"x":-0.42321354150772097,"y":-0.2669493854045868,"z":0.13203036785125733,"w":-0.855684757232666},"size":3.39945125579834,"orthographic":false}