{"cameraMode":{"drawMode":0,"name":"Shaded","section":"Shading Mode"},"sceneLighting":false,"audioPlay":false,"sceneViewState":{"showFog":false,"showMaterialUpdate":true,"showSkybox":true,"showFlares":true,"showImageEffects":true,"showParticleSystems":true},"in2DMode":false,"pivot":{"x":7.922140121459961,"y":5.422124862670898,"z":19.49197006225586},"rotation":{"x":-0.09142806380987168,"y":-0.9082070589065552,"z":0.30197858810424807,"w":-0.27497246861457827},"size":16.66814613342285,"orthographic":true}