{"cameraMode":{"drawMode":0,"name":"Shaded","section":"Shading Mode"},"sceneLighting":false,"audioPlay":false,"sceneViewState":{"showFog":false,"showMaterialUpdate":true,"showSkybox":true,"showFlares":true,"showImageEffects":true,"showParticleSystems":true},"in2DMode":false,"pivot":{"x":-3.390876293182373,"y":1.2299089431762696,"z":5.754832744598389},"rotation":{"x":0.09118744730949402,"y":0.8605491518974304,"z":-0.1659492552280426,"w":0.47286465764045718},"size":30.697643280029298,"orthographic":false}