{"cameraMode":{"drawMode":0,"name":"Shaded","section":"Shading Mode"},"sceneLighting":false,"audioPlay":false,"sceneViewState":{"showFog":true,"showMaterialUpdate":false,"showSkybox":true,"showFlares":true,"showImageEffects":true,"showParticleSystems":true},"in2DMode":false,"pivot":{"x":-0.29924631118774416,"y":0.3597620725631714,"z":0.052480101585388187},"rotation":{"x":0.12382318824529648,"y":0.7693285346031189,"z":-0.15699999034404756,"w":0.6067557334899902},"size":1.2664577960968018,"orthographic":false}