{"cameraMode":{"drawMode":0,"name":"Shaded","section":"Shading Mode"},"sceneLighting":false,"audioPlay":false,"sceneViewState":{"showFog":false,"showMaterialUpdate":true,"showSkybox":true,"showFlares":true,"showImageEffects":true,"showParticleSystems":true},"in2DMode":false,"pivot":{"x":4.250993251800537,"y":0.1570022702217102,"z":1.5744388103485108},"rotation":{"x":-0.11699764430522919,"y":0.8736948370933533,"z":-0.2588220536708832,"w":-0.39494311809539797},"size":1.984574794769287,"orthographic":false}