{"cameraMode":{"drawMode":0,"name":"Shaded","section":"Shading Mode"},"sceneLighting":false,"audioPlay":false,"sceneViewState":{"showFog":true,"showMaterialUpdate":true,"showSkybox":true,"showFlares":true,"showImageEffects":true,"showParticleSystems":true},"in2DMode":false,"pivot":{"x":24.691455841064454,"y":-12.583086013793946,"z":4.294563293457031},"rotation":{"x":-0.05436592176556587,"y":-0.9291545748710632,"z":0.15185435116291047,"w":-0.3326507806777954},"size":47.17105484008789,"orthographic":false}