{"cameraMode":{"drawMode":0,"name":"Shaded","section":"Shading Mode"},"sceneLighting":false,"audioPlay":false,"sceneViewState":{"showFog":false,"showMaterialUpdate":true,"showSkybox":true,"showFlares":true,"showImageEffects":true,"showParticleSystems":true},"in2DMode":false,"pivot":{"x":-0.061952829360961917,"y":-0.22350192070007325,"z":-0.4911600947380066},"rotation":{"x":0.11429242044687271,"y":0.8262914419174194,"z":-0.18130995333194734,"w":0.5208708047866821},"size":1.2671046257019044,"orthographic":false}