{"cameraMode":{"drawMode":0,"name":"Shaded","section":"Shading Mode"},"sceneLighting":false,"audioPlay":false,"sceneViewState":{"showFog":true,"showMaterialUpdate":false,"showSkybox":true,"showFlares":true,"showImageEffects":true,"showParticleSystems":true},"in2DMode":false,"pivot":{"x":245.98739624023438,"y":27.038387298583986,"z":1.0829105377197266},"rotation":{"x":-0.051080845296382907,"y":0.9193923473358154,"z":-0.36861416697502139,"w":-0.12740540504455567},"size":1.220414161682129,"orthographic":false}