{"cameraMode":{"drawMode":0,"name":"Shaded","section":"Shading Mode"},"sceneLighting":false,"audioPlay":false,"sceneViewState":{"showFog":false,"showMaterialUpdate":true,"showSkybox":true,"showFlares":true,"showImageEffects":true,"showParticleSystems":true},"in2DMode":false,"pivot":{"x":4.079758644104004,"y":0.7839484214782715,"z":1.1787549257278443},"rotation":{"x":-0.05705372989177704,"y":0.923103392124176,"z":-0.1508670598268509,"w":-0.34909045696258547},"size":2.8900489807128908,"orthographic":false}