{"cameraMode":{"drawMode":0,"name":"Shaded","section":"Shading Mode"},"sceneLighting":false,"audioPlay":false,"sceneViewState":{"showFog":true,"showMaterialUpdate":true,"showSkybox":true,"showFlares":true,"showImageEffects":true,"showParticleSystems":true},"in2DMode":false,"pivot":{"x":4.609197616577148,"y":0.7999999523162842,"z":1.839101791381836},"rotation":{"x":-0.08452273905277252,"y":-0.23099291324615479,"z":0.020147502422332765,"w":-0.9690678119659424},"size":2.988276958465576,"orthographic":false}