{"cameraMode":{"drawMode":0,"name":"Shaded","section":"Shading Mode"},"sceneLighting":false,"audioPlay":false,"sceneViewState":{"showFog":true,"showMaterialUpdate":false,"showSkybox":true,"showFlares":true,"showImageEffects":true,"showParticleSystems":true},"in2DMode":false,"pivot":{"x":-6.164701461791992,"y":-3.1687259674072267,"z":4.8882598876953129},"rotation":{"x":-0.051080841571092609,"y":0.9193922877311707,"z":-0.368614137172699,"w":-0.12740539014339448},"size":55.59760284423828,"orthographic":false}