{"cameraMode":{"drawMode":0,"name":"Shaded","section":"Shading Mode"},"sceneLighting":true,"audioPlay":false,"sceneViewState":{"showFog":true,"showMaterialUpdate":true,"showSkybox":true,"showFlares":true,"showImageEffects":true,"showParticleSystems":true},"in2DMode":false,"pivot":{"x":-12.155733108520508,"y":0.6256227493286133,"z":11.40336799621582},"rotation":{"x":-0.13846035301685334,"y":-0.8548417687416077,"z":0.4066278636455536,"w":-0.29108086228370669},"size":42.215553283691409,"orthographic":false}