{"cameraMode":{"drawMode":0,"name":"Shaded","section":"Shading Mode"},"sceneLighting":true,"audioPlay":false,"sceneViewState":{"showFog":true,"showMaterialUpdate":true,"showSkybox":true,"showFlares":true,"showImageEffects":true,"showParticleSystems":true},"in2DMode":false,"pivot":{"x":-0.2930488586425781,"y":0.13702154159545899,"z":-26.951221466064454},"rotation":{"x":-0.18330341577529908,"y":-0.21539977192878724,"z":0.04120214283466339,"w":-0.9582824110984802},"size":6.787602424621582,"orthographic":false}