{"cameraMode":{"drawMode":0,"name":"Shaded","section":"Shading Mode"},"sceneLighting":false,"audioPlay":false,"sceneViewState":{"showFog":false,"showMaterialUpdate":true,"showSkybox":true,"showFlares":true,"showImageEffects":true,"showParticleSystems":true},"in2DMode":false,"pivot":{"x":0.2878175973892212,"y":0.06932860612869263,"z":-0.07246428728103638},"rotation":{"x":0.11429242044687271,"y":0.8262914419174194,"z":-0.18130995333194734,"w":0.5208708047866821},"size":1.2671046257019044,"orthographic":false}