{"cameraMode":{"drawMode":0,"name":"Shaded","section":"Shading Mode"},"sceneLighting":false,"audioPlay":false,"sceneViewState":{"showFog":true,"showMaterialUpdate":false,"showSkybox":true,"showFlares":true,"showImageEffects":true,"showParticleSystems":true},"in2DMode":false,"pivot":{"x":1.4090690612792969,"y":1.4603846073150635,"z":-36.60753631591797},"rotation":{"x":0.027367137372493745,"y":0.7928529381752014,"z":-0.03570260480046272,"w":0.6077505350112915},"size":5.7669525146484379,"orthographic":false}