{"cameraMode":{"drawMode":0,"name":"Shaded","section":"Shading Mode"},"sceneLighting":false,"audioPlay":false,"sceneViewState":{"showFog":false,"showMaterialUpdate":true,"showSkybox":true,"showFlares":true,"showImageEffects":true,"showParticleSystems":true},"in2DMode":false,"pivot":{"x":-3.569999933242798,"y":2.069999933242798,"z":8.710000038146973},"rotation":{"x":0.09118744730949402,"y":0.8605491518974304,"z":-0.1659492552280426,"w":0.47286465764045718},"size":26.75507164001465,"orthographic":false}